,city,lat,lon,score
0,"Birmingham, Alabama",33.5206608,-86.80248999999999,23.9655923837111
1,"Dothan, Alabama",31.2232313,-85.3904888,40.8237824851853
2,"Huntsville, Alabama",34.7303688,-86.5861037,57.45309045831161
3,"Mobile, Alabama",30.6953657,-88.0398912,43.583725022254
4,"Montgomery, Alabama",32.3668052,-86.2999689,37.927059448997504
5,"Tuscaloosa, Alabama",33.2098407,-87.56917349999999,38.612606280035294
6,"Anchorage, Alaska",61.2180556,-149.9002778,81.2570151612281
7,"Casas Adobes, Arizona",32.3234078,-110.9950966,69.77215490584051
8,"Chandler, Arizona",33.3061605,-111.8412502,77.06384922295742
9,"Gilbert, Arizona",33.3528264,-111.789027,86.4191571255418
10,"Glendale, Arizona",33.5386523,-112.1859866,50.5350156164808
11,"Mesa, Arizona",33.4151843,-111.8314724,62.5032087340703
12,"Peoria, Arizona",33.5805955,-112.2373779,75.43118983167871
13,"Phoenix, Arizona",33.4483771,-112.0740373,47.037529604168704
14,"Scottsdale, Arizona",,,88.2605319762526
15,"Surprise, Arizona",,,77.1865532223635
16,"Tempe, Arizona",33.4255104,-111.9400054,57.7739911402489
17,"Tucson, Arizona",32.2217429,-110.926479,41.618796149732795
18,"Yuma, Arizona",32.6926512,-114.6276916,41.2571805479115
19,"Fort Smith, Arkansas",35.3859242,-94.39854749999999,33.9362786381561
20,"Jonesboro, Arkansas",35.84229670000001,-90.704279,48.247258169938
21,"Little Rock, Arkansas",34.7464809,-92.28959479999999,56.566677319163105
22,"North Little Rock, Arkansas",34.769536,-92.2670941,53.3571324790934
23,"Anaheim, California",33.8352932,-117.9145036,45.657088937143094
24,"Antioch, California",38.0049214,-121.805789,60.4435423090641
25,"Apple Valley, California",34.5008311,-117.1858759,63.7089180373144
26,"Arden-Arcade, California",,,49.980044337276794
27,"Bakersfield, California",,,42.193602491556604
28,"Bellflower, California",33.8816818,-118.1170117,49.7786914447985
29,"Berkeley, California",37.8715926,-122.272747,53.7315251239434
30,"Burbank, California",34.1808392,-118.3089661,57.6404252584206
31,"Carmichael, California",38.617127,-121.3282843,59.853213604753
32,"Carson, California",33.8316745,-118.281693,56.8289562171058
33,"Chico, California",39.7284944,-121.8374777,40.742670362736604
34,"Chula Vista, California",32.6400541,-117.0841955,49.4474131518229
35,"Citrus Heights, California",38.7071247,-121.2810611,67.5619571862227
36,"Clovis, California",36.8252277,-119.7029194,64.6552688688762
37,"Compton, California",33.8958492,-118.2200712,27.9077990357213
38,"Concord, California",,,65.7532880235327
39,"Corona, California",33.8752935,-117.5664384,70.6914716714995
40,"Costa Mesa, California",33.6411316,-117.9186689,65.3555900094161
41,"Daly City, California",37.6879241,-122.4702079,64.9939144254627
42,"Downey, California",33.9401088,-118.1331593,60.5784140195064
43,"East Los Angeles, California",34.0224417,-118.1669736,15.7405750436043
44,"El Cajon, California",32.7947731,-116.9625269,33.5344145791262
45,"Elk Grove, California",38.4087993,-121.3716178,75.43514136500859
46,"El Monte, California",34.0686206,-118.0275667,27.2763810144241
47,"Escondido, California",33.1192068,-117.086421,45.7440363860785
48,"Fairfield, California",38.24935809999999,-122.0399663,62.8726975302654
49,"Fontana, California",,,52.8960869187252
50,"Fremont, California",,,76.713266394198
51,"Fresno, California",36.7468422,-119.7725868,31.5757394744209
52,"Fullerton, California",33.8703596,-117.9242966,59.3249626110077
53,"Garden Grove, California",33.7739053,-117.9414477,43.7461112406994
54,"Glendale, California",34.1425078,-118.255075,35.9278206616959
55,"Hayward, California",37.6688205,-122.0807964,57.9633883671776
56,"Hemet, California",33.7475203,-116.9719684,37.770918042730706
57,"Hesperia, California",34.4263886,-117.3008784,45.1147115193565
58,"Huntington Beach, California",33.660297,-117.9992265,78.12191838396609
59,"Indio, California",33.7205771,-116.2155619,37.856767959253
60,"Inglewood, California",33.9616801,-118.3531311,38.3581265348435
61,"Irvine, California",,,71.8253182099831
62,"Lakewood, California",,,78.3466514406935
63,"Lancaster, California",34.6867846,-118.1541632,49.0387057623532
64,"Long Beach, California",33.7700504,-118.1937395,43.93632967880771
65,"Los Angeles, California",34.0522342,-118.2436849,34.900805689068605
66,"Manteca, California",37.7974273,-121.2160526,70.5388147085889
67,"Merced, California",37.3021632,-120.4829677,30.876911848168696
68,"Modesto, California",37.63909719999999,-120.9968782,52.1154590672432
69,"Moreno Valley, California",33.9424658,-117.2296717,44.1407380507203
70,"Murrieta, California",33.5539143,-117.2139232,90.82145956491439
71,"Napa, California",38.2975381,-122.286865,69.8622720184573
72,"Norwalk, California",33.9022367,-118.081733,49.5810579431727
73,"Oakland, California",,,35.873660060825
74,"Oceanside, California",,,63.414624554434205
75,"Ontario, California",34.0633443,-117.6508876,51.2551598823769
76,"Orange, California",33.7877944,-117.8531119,73.5385545744665
77,"Oxnard, California",34.1975048,-119.1770516,45.155112484858705
78,"Palmdale, California",34.5794343,-118.1164613,46.4571942835491
79,"Pasadena, California",34.1477849,-118.1445155,48.545920444196994
80,"Pittsburg, California",38.0279762,-121.8846806,51.642279747364206
81,"Pomona, California",34.055103,-117.7499909,32.1377285589811
82,"Rancho Cordova, California",38.5890723,-121.302728,57.9109050528777
83,"Rancho Cucamonga, California",34.10639889999999,-117.5931084,70.7897571264761
84,"Redding, California",40.5865396,-122.3916754,43.5198068794314
85,"Rialto, California",,,41.8354778976518
86,"Richmond, California",,,45.3394029406882
87,"Riverside, California",33.9533487,-117.3961564,50.070480975410206
88,"Roseville, California",38.7521235,-121.2880059,90.48808733605921
89,"Sacramento, California",38.5815719,-121.4943996,41.1882440291442
90,"Salinas, California",36.6777372,-121.6555013,48.598406362221795
91,"San Bernardino, California",34.1083449,-117.2897652,16.0050992361974
92,"San Buenaventura (Ventura), California",34.274646,-119.2290316,74.0620255845142
93,"San Diego, California",32.715738,-117.1610838,53.185378297169706
94,"San Francisco, California",37.7749295,-122.4194155,46.082003301498396
95,"San Jose, California",37.3382082,-121.8863286,55.676520954609394
96,"San Leandro, California",37.7249296,-122.1560768,59.9693345534299
97,"San Mateo, California",,,60.1629554165234
98,"Santa Ana, California",33.7455731,-117.8678338,36.666966671631606
99,"Santa Barbara, California",34.4208305,-119.6981901,50.9148092419017
100,"Santa Clara, California",37.3541079,-121.9552356,74.7923103626657
101,"Santa Clarita, California",34.3916641,-118.542586,80.5095553113633
102,"Santa Maria, California",34.9530337,-120.4357191,41.4198382950909
103,"Santa Monica, California",34.0194543,-118.4911912,46.7315222729468
104,"Santa Rosa, California",38.440429,-122.7140548,62.5872554924056
105,"Simi Valley, California",34.2694474,-118.781482,82.74059674570391
106,"South Gate, California",33.954737,-118.2120161,28.4787159605879
107,"Stockton, California",37.9577016,-121.2907796,32.390751211845796
108,"Sunnyvale, California",,,75.0175047677413
109,"Temecula, California",,,77.7032312819807
110,"Thousand Oaks, California",34.1705609,-118.8375937,87.5898695877244
111,"Torrance, California",33.8358492,-118.3406288,75.8639026754331
112,"Turlock, California",37.4946568,-120.8465941,51.702833024549506
113,"Vacaville, California",38.3565773,-121.9877444,79.3544706208538
114,"Vallejo, California",38.1040864,-122.2566367,57.7827775385055
115,"Victorville, California",34.5362184,-117.2927641,44.1994266392474
116,"Visalia, California",36.3302284,-119.2920585,37.3087246648629
117,"Vista, California",33.2000368,-117.2425355,61.5790135053452
118,"West Covina, California",34.0686208,-117.9389526,58.306935828852794
119,"Westminster, California",33.7513419,-117.9939921,46.4820323168685
120,"Whittier, California",,,46.452520588431504
121,"Yuba City, California",,,49.6439083547031
122,"Arvada, Colorado",39.8027644,-105.0874842,83.0594478376409
123,"Aurora, Colorado",39.7294319,-104.8319195,65.0651496491513
124,"Colorado Springs, Colorado",38.8338816,-104.8213634,66.15119818504729
125,"Denver, Colorado",39.7392358,-104.990251,44.65982270735721
126,"Fort Collins, Colorado",40.5852602,-105.084423,75.9017290714567
127,"Greeley, Colorado",40.4233142,-104.7091322,53.0986142222036
128,"Lakewood, Colorado",39.7047095,-105.0813734,72.7039818127271
129,"Longmont, Colorado",40.1672068,-105.1019275,70.8178957730825
130,"Loveland, Colorado",40.3977612,-105.0749801,68.0269319121303
131,"Pueblo, Colorado",38.2544472,-104.6091409,35.5838169219574
132,"Thornton, Colorado",,,81.2419520896668
133,"Westminster, Colorado",,,70.2360806296326
134,"Bridgeport, Connecticut",41.1865478,-73.19517669999999,29.7075185916886
135,"Hartford, Connecticut",41.76371109999999,-72.6850932,10.3407523378469
136,"New Britain, Connecticut",41.6612104,-72.7795419,31.316765948256997
137,"New Haven, Connecticut",41.308274,-72.9278835,28.656201998621203
138,"Norwalk, Connecticut",41.11774399999999,-73.4081575,63.5831168331574
139,"Stamford, Connecticut",41.0534302,-73.5387341,66.5130405634719
140,"Waterbury, Connecticut",41.5581525,-73.0514965,35.2020454189884
141,"Wilmington, Delaware",39.7390721,-75.5397878,36.474434457403895
142,"Washington, District of Columbia",38.9071923,-77.0368707,41.91942394397179
143,"Boynton Beach, Florida",26.5317866,-80.0905465,61.60672539121321
144,"Brandon, Florida",,,72.29896118424729
145,"Cape Coral, Florida",,,59.224361188611496
146,"Clearwater, Florida",27.9658533,-82.8001026,49.7394340851736
147,"Coral Springs, Florida",26.271192,-80.2706044,73.5701017907042
148,"Davie, Florida",26.0764783,-80.25211569999999,65.9902771834376
149,"Deerfield Beach, Florida",26.3184123,-80.09976569999999,52.8171557343318
150,"Delray Beach, Florida",26.4614625,-80.0728201,47.147197214878105
151,"Deltona, Florida",28.9005446,-81.26367379999999,61.5965696783344
152,"Fort Lauderdale, Florida",26.1224386,-80.13731740000001,40.593537791690395
153,"Fort Myers, Florida",26.640628,-81.8723084,31.384553747881103
154,"Gainesville, Florida",29.6516344,-82.32482619999999,31.241048113934497
155,"Hialeah, Florida",25.8575963,-80.2781057,12.990030244179401
156,"Hollywood, Florida",,,43.9452793515238
157,"Jacksonville, Florida",,,54.285102946023905
158,"Kissimmee, Florida",28.2919557,-81.40757099999999,38.930503948411996
159,"Lakeland, Florida",28.0394654,-81.9498042,52.4782689335312
160,"Largo, Florida",27.9094665,-82.7873244,57.363060213716494
161,"Lauderhill, Florida",26.1403635,-80.2133808,28.890943579581
162,"Lehigh Acres, Florida",26.6253497,-81.6248026,39.2887171473055
163,"Melbourne, Florida",28.0836269,-80.60810889999999,43.8556092526741
164,"Miami, Florida",25.7616798,-80.1917902,4.93639026101773
165,"Miami Beach, Florida",25.790654,-80.1300455,35.4629308221512
166,"Miramar, Florida",25.9860762,-80.30356019999999,62.3055122014419
167,"Orlando, Florida",28.5383355,-81.3792365,39.860724893592796
168,"Palm Bay, Florida",,,57.6717193368954
169,"Palm Coast, Florida",29.5844524,-81.20786989999999,60.363097102332496
170,"Pembroke Pines, Florida",26.007765,-80.2962555,65.5251444815582
171,"Plantation, Florida",26.1275862,-80.23310359999999,74.3813137958455
172,"Pompano Beach, Florida",26.2378597,-80.1247667,43.8247581704246
173,"Port St. Lucie, Florida",27.2730492,-80.3582261,61.319427602613295
174,"St. Petersburg, Florida",27.7518284,-82.6267345,47.04813151351149
175,"Spring Hill, Florida",28.4831682,-82.5369872,54.075606416907796
176,"Sunrise, Florida",26.1669711,-80.25659499999999,53.9830655079534
177,"Tallahassee, Florida",30.4382559,-84.28073289999999,47.9603482368412
178,"Tampa, Florida",27.950575,-82.4571776,40.6129533145965
179,"Town 'n' Country, Florida",,,49.2586828466049
180,"West Palm Beach, Florida",,,42.122259470746
181,"Albany, Georgia",31.5785074,-84.15574099999999,19.132931559613898
182,"Athens-Clarke County unified government (balance), Georgia",33.9609323,-83.37608,31.7910310477281
183,"Atlanta, Georgia",33.7489954,-84.3879824,27.355795439201998
184,"Augusta-Richmond County consolidated government (balance), Georgia",33.4704791,-81.96126660000002,39.7785756378415
185,"Savannah, Georgia",32.0835407,-81.09983419999999,35.6855388968612
186,"Warner Robins, Georgia",32.6130007,-83.624201,43.6931725294858
187,"Boise City, Idaho",43.6187102,-116.2146068,61.286866684924604
188,"Nampa, Idaho",43.5407172,-116.5634624,39.7724665388821
189,"Aurora, Illinois",41.7605849,-88.32007150000001,59.17572554451429
190,"Bloomington, Illinois",40.4842027,-88.99368729999999,53.978645548876
191,"Chicago, Illinois",41.8781136,-87.6297982,35.1398195064359
192,"Decatur, Illinois",39.8403147,-88.9548001,30.4858220975565
193,"Elgin, Illinois",42.0354084,-88.2825668,64.188296491768
194,"Joliet, Illinois",41.525031,-88.0817251,55.1417851138404
195,"Naperville, Illinois",41.7508391,-88.1535352,86.60261979985171
196,"Peoria, Illinois",40.6936488,-89.5889864,42.6758656709179
197,"Rockford, Illinois",42.2711311,-89.0939952,35.700410425030206
198,"Skokie village, Illinois",42.0324025,-87.7416246,62.142053409259205
199,"Springfield, Illinois",39.78172130000001,-89.6501481,52.9268553012271
200,"Waukegan, Illinois",42.3636331,-87.84479379999999,36.230231891969794
201,"Bloomington, Indiana",,,37.5539347958777
202,"Evansville, Indiana",,,36.436883622207496
203,"Fort Wayne, Indiana",41.079273,-85.1393513,42.9926114040351
204,"Gary, Indiana",41.5933696,-87.3464271,25.9081488345474
205,"Hammond, Indiana",41.5833688,-87.5000412,39.8532998589884
206,"Indianapolis (balance), Indiana",39.6756479,-86.1482205,43.1981145277125
207,"Lafayette, Indiana",40.4167022,-86.87528689999999,52.7708888320817
208,"Muncie, Indiana",40.1933767,-85.3863599,30.7792853477706
209,"South Bend, Indiana",41.6763545,-86.25198979999999,32.4822054629741
210,"Cedar Rapids, Iowa",41.9778795,-91.6656232,54.9951437714141
211,"Davenport, Iowa",41.5236437,-90.5776367,45.5650777472437
212,"Des Moines, Iowa",41.6005448,-93.6091064,44.7112937163727
213,"Sioux City, Iowa",,,47.715541931072906
214,"Waterloo, Iowa",42.492786,-92.34257749999999,39.327842952799
215,"Kansas City, Kansas",39.114053,-94.6274636,43.98009195522679
216,"Lawrence, Kansas",38.9716689,-95.2352501,52.78356886728021
217,"Olathe, Kansas",38.8813958,-94.81912849999999,81.2206057466035
218,"Overland Park, Kansas",38.9822282,-94.6707917,92.5252517321044
219,"Topeka, Kansas",39.0558235,-95.68901849999999,48.0946247906462
220,"Wichita, Kansas",37.68717609999999,-97.33005299999999,53.37091718584371
221,"Lexington-Fayette urban county, Kentucky",38.0405837,-84.5037164,48.503143285221995
222,"Baton Rouge, Louisiana",30.4582829,-91.1403196,38.0469229455853
223,"Bossier City, Louisiana",32.5159852,-93.7321228,59.752679480222994
224,"Kenner, Louisiana",,,55.3745600920452
225,"Lafayette, Louisiana",,,39.506684732481
226,"Lake Charles, Louisiana",30.2265949,-93.2173758,41.8598981064009
227,"Metairie, Louisiana",29.9840922,-90.1528519,66.2033424823605
228,"New Orleans, Louisiana",29.95106579999999,-90.0715323,29.758876911572298
229,"Shreveport, Louisiana",32.5251516,-93.7501789,39.6751129577392
230,"Portland, Maine",43.66147100000001,-70.2553259,31.334573957093898
231,"Baltimore, Maryland",39.2903848,-76.6121893,29.898366895197
232,"Glen Burnie, Maryland",39.1626084,-76.6246886,65.9590285216198
233,"Boston, Massachusetts",42.3600825,-71.0588801,30.758475157030897
234,"Brockton, Massachusetts",42.0834335,-71.0183787,40.0795804573842
235,"Cambridge, Massachusetts",42.3736158,-71.10973349999999,51.2459812127297
236,"Fall River, Massachusetts",,,17.982500834788002
237,"Lawrence, Massachusetts",42.7070354,-71.1631137,14.3055095408532
238,"Lowell, Massachusetts",42.6334247,-71.31617179999999,33.2408208124914
239,"Lynn, Massachusetts",42.46676300000001,-70.9494938,45.9090666064562
240,"New Bedford, Massachusetts",41.6362152,-70.93420499999999,22.266912411777202
241,"Quincy, Massachusetts",42.2528772,-71.0022705,64.4894297795146
242,"Springfield, Massachusetts",42.1014831,-72.589811,20.685448507767898
243,"Worcester, Massachusetts",42.2625932,-71.8022934,26.456957073875
244,"Ann Arbor, Michigan",42.2808256,-83.7430378,66.740425145671
245,"Dearborn, Michigan",42.3222599,-83.17631449999999,32.335027490563604
246,"Detroit, Michigan",42.331427,-83.0457538,15.008730994435199
247,"Farmington Hills, Michigan",,,75.1742692568145
248,"Flint, Michigan",,,18.2930547291796
249,"Grand Rapids, Michigan",42.9633599,-85.6680863,29.456651222610503
250,"Kalamazoo, Michigan",42.2917069,-85.5872286,24.810247620563104
251,"Lansing, Michigan",42.732535,-84.5555347,29.841947037681198
252,"Livonia, Michigan",42.36837,-83.35270969999999,77.3495305374942
253,"Southfield, Michigan",42.4733688,-83.2218731,64.4848129357452
254,"Sterling Heights, Michigan",42.5803122,-83.0302033,56.870334703481504
255,"Warren, Michigan",42.5144566,-83.01465259999999,42.5761291360216
256,"Westland, Michigan",42.32420399999999,-83.400211,46.152243796276906
257,"Wyoming, Michigan",42.9133602,-85.7053085,45.4531492598987
258,"Duluth, Minnesota",46.78667189999999,-92.1004852,36.368007221490295
259,"Minneapolis, Minnesota",,,28.196562998324698
260,"Rochester, Minnesota",,,60.92619258780089
261,"St. Paul, Minnesota",44.9537029,-93.0899578,30.4375195379759
262,"Gulfport, Mississippi",30.3674198,-89.0928155,38.2591308188746
263,"Jackson, Mississippi",32.2987573,-90.1848103,26.533787605175
264,"Columbia, Missouri",38.9517053,-92.3340724,42.960311849861405
265,"Independence, Missouri",39.0911161,-94.41550679999999,55.8126389311884
266,"Kansas City, Missouri",39.0997265,-94.5785667,50.0164315007574
267,"Lee's Summit, Missouri",38.9108408,-94.3821724,98.7595797144688
268,"St. Joseph, Missouri",39.7674578,-94.84668099999999,39.1128291656669
269,"St. Louis, Missouri",38.6270025,-90.19940419999999,24.084618067400605
270,"Springfield, Missouri",37.2089572,-93.29229889999999,31.7217124074435
271,"Billings, Montana",,,62.0214828652341
272,"Missoula, Montana",,,54.53680701489329
273,"Lincoln, Nebraska",40.8257625,-96.6851982,63.8119903242838
274,"Omaha, Nebraska",41.2523634,-95.99798829999999,54.065146095222
275,"Henderson, Nevada",36.0395247,-114.9817213,86.18988321623709
276,"Las Vegas, Nevada",36.1699412,-115.1398296,58.9081259416949
277,"North Las Vegas, Nevada",36.1988592,-115.1175013,59.0828832002779
278,"Paradise, Nevada",36.0971945,-115.1466648,59.494941034629704
279,"Reno, Nevada",39.5296329,-119.8138027,53.436396797083795
280,"Sparks, Nevada",39.5349112,-119.7526886,61.697541105623706
281,"Spring Valley, Nevada",36.1080258,-115.2450006,73.6712050669007
282,"Sunrise Manor, Nevada",36.2110819,-115.0730563,43.858181804211
283,"Manchester, New Hampshire",,,48.150690169143
284,"Nashua, New Hampshire",,,55.5633017116792
285,"Camden, New Jersey",39.9259463,-75.1196199,11.321980258949099
286,"East Orange, New Jersey",40.767323,-74.2048677,38.4789818007284
287,"Elizabeth, New Jersey",40.6639916,-74.2107006,33.8953153645966
288,"Jersey City, New Jersey",40.72815749999999,-74.0776417,37.604800277936704
289,"Newark, New Jersey",40.735657,-74.1723667,31.7080995776443
290,"Paterson, New Jersey",40.9167654,-74.17181099999999,15.8467215018327
291,"Toms River, New Jersey",39.9537358,-74.1979458,71.652352414134
292,"Trenton, New Jersey",40.2170534,-74.7429384,25.133872287548105
293,"Albuquerque, New Mexico",35.0853336,-106.6055534,53.780751466406095
294,"Las Cruces, New Mexico",32.3199396,-106.7636538,44.4362533053837
295,"Rio Rancho, New Mexico",,,86.5580099203571
296,"Santa Fe, New Mexico",,,63.1073848030827
297,"Albany, New York",42.6525793,-73.7562317,32.1388569643609
298,"Buffalo, New York",42.88644679999999,-78.8783689,24.934774954064103
299,"Cheektowaga, New York",42.9026136,-78.74457199999999,60.7562005966853
300,"New Rochelle, New York",40.9114882,-73.7823549,63.01621450139171
301,"New York, New York",36.1023715,-115.1745559,34.265232558310196
302,"Rochester, New York",43.16103,-77.6109219,17.0330156001253
303,"Schenectady, New York",42.8142432,-73.9395687,34.783354686391895
304,"Syracuse, New York",43.0481221,-76.14742439999999,20.027403919964897
305,"Yonkers, New York",40.9312099,-73.89874689999999,54.464712272823
306,"Asheville, North Carolina",35.5950581,-82.5514869,46.4524634938215
307,"Cary, North Carolina",,,100.0
308,"Charlotte, North Carolina",35.2270869,-80.8431267,49.903146686352905
309,"Concord, North Carolina",35.4087517,-80.579511,58.0383313342852
310,"Durham, North Carolina",35.9940329,-78.898619,49.372046391586
311,"Fayetteville, North Carolina",35.0526641,-78.87835849999999,53.5973905781254
312,"Gastonia, North Carolina",35.262082,-81.18730049999999,37.312455346535394
313,"Greensboro, North Carolina",36.0726354,-79.7919754,45.9678307828902
314,"Greenville, North Carolina",35.612661,-77.3663538,28.5950603651442
315,"High Point, North Carolina",35.9556923,-80.0053176,39.8380204440748
316,"Raleigh, North Carolina",35.7795897,-78.6381787,62.8921952226196
317,"Wilmington, North Carolina",34.2257255,-77.9447102,41.4092832307529
318,"Winston-Salem, North Carolina",,,41.548057596917
319,"Fargo, North Dakota",,,58.7022400667068
320,"Akron, Ohio",41.0814447,-81.51900529999999,31.368198057630803
321,"Canton, Ohio",40.79894729999999,-81.378447,22.484384194640302
322,"Cincinnati, Ohio",39.1031182,-84.5120196,22.140258472157
323,"Cleveland, Ohio",41.49932,-81.6943605,11.7694305700479
324,"Columbus, Ohio",39.9611755,-82.99879419999999,42.2016462110301
325,"Dayton, Ohio",39.7589478,-84.1916069,19.169162275810898
326,"Lorain, Ohio",41.452819,-82.1823746,33.5362760790178
327,"Parma, Ohio",41.4047742,-81.7229086,61.31907079109511
328,"Toledo, Ohio",41.6639383,-83.55521200000001,30.481557878822798
329,"Youngstown, Ohio",41.0997803,-80.6495194,18.5078219809198
330,"Broken Arrow, Oklahoma",,,89.3998432950541
331,"Lawton, Oklahoma",,,55.15607728136
332,"Norman, Oklahoma",35.2225668,-97.4394777,63.922504606341
333,"Oklahoma City, Oklahoma",35.4675602,-97.5164276,52.2462734227565
334,"Tulsa, Oklahoma",36.1539816,-95.99277500000001,52.850727303280294
335,"Beaverton, Oregon",45.48706199999999,-122.8037102,60.86244195418
336,"Bend, Oregon",44.0581728,-121.3153096,56.144114544421996
337,"Eugene, Oregon",44.0520691,-123.0867536,38.7025475933985
338,"Gresham, Oregon",45.5001357,-122.4302013,51.81792472944671
339,"Hillsboro, Oregon",45.5228939,-122.989827,62.252295395760704
340,"Medford, Oregon",42.3265152,-122.8755949,46.06006333112779
341,"Portland, Oregon",45.5230622,-122.6764816,46.3668665209388
342,"Salem, Oregon",44.9428975,-123.0350963,50.894761944196794
343,"Allentown, Pennsylvania",40.6084305,-75.4901833,24.1220520351255
344,"Bethlehem, Pennsylvania",40.6259316,-75.37045789999999,35.8284072766006
345,"Erie, Pennsylvania",42.12922409999999,-80.085059,27.786450277620503
346,"Philadelphia, Pennsylvania",39.9525839,-75.1652215,27.8200068381602
347,"Pittsburgh, Pennsylvania",40.44062479999999,-79.9958864,41.551408402733
348,"Reading, Pennsylvania",,,0.0
349,"Scranton, Pennsylvania",,,36.881604559995
350,"Cranston, Rhode Island",41.7798226,-71.4372796,65.2898804894333
351,"Pawtucket, Rhode Island",41.878711,-71.38255579999999,30.8983710165696
352,"Providence, Rhode Island",41.8239891,-71.4128343,14.3658998261424
353,"Warwick, Rhode Island",41.7001009,-71.4161671,69.58642987986421
354,"Charleston, South Carolina",32.7764749,-79.93105120000001,56.132314508762796
355,"Columbia, South Carolina",34.0007104,-81.0348144,32.8104148341901
356,"North Charleston, South Carolina",32.8546197,-79.9748103,34.289043373140395
357,"Rapid City, South Dakota",44.0805434,-103.2310149,59.7946538803127
358,"Sioux Falls, South Dakota",43.5445959,-96.73110340000001,62.94602080028461
359,"Chattanooga, Tennessee",35.0456297,-85.3096801,35.91805040782621
360,"Clarksville, Tennessee",,,58.327598596654205
361,"Jackson, Tennessee",,,31.076363968284998
362,"Johnson City, Tennessee",36.3134397,-82.3534727,38.469024176286794
363,"Knoxville, Tennessee",35.9606384,-83.9207392,30.0539294007803
364,"Memphis, Tennessee",35.1495343,-90.0489801,34.2464020941437
365,"Murfreesboro, Tennessee",35.8456213,-86.39027,54.837470349918
366,"Nashville-Davidson metropolitan government (balance), Tennessee",36.1117973,-86.693123,46.1316625772513
367,"Abilene, Texas",32.4487364,-99.73314390000002,40.0779861418222
368,"Amarillo, Texas",35.2219971,-101.8312969,56.937452992413796
369,"Arlington, Texas",32.735687,-97.10806559999999,57.882015050769
370,"Austin, Texas",30.267153,-97.7430608,54.99953031225229
371,"Baytown, Texas",29.7355047,-94.97742740000001,37.3755147776461
372,"Beaumont, Texas",,,44.1519445239365
373,"Brownsville, Texas",25.9017472,-97.4974838,10.1450571330769
374,"Bryan, Texas",30.6743643,-96.3699632,39.3826721311453
375,"Carrollton, Texas",32.9756415,-96.8899636,90.6486310835004
376,"Corpus Christi, Texas",27.8005828,-97.39638099999999,46.588174688322894
377,"Dallas, Texas",32.7766642,-96.79698789999999,34.548895839895
378,"Denton, Texas",33.2148412,-97.13306829999999,61.0804228955229
379,"Edinburg, Texas",26.3017374,-98.1633432,30.7811761824576
380,"El Paso, Texas",31.7618778,-106.4850217,33.885476952053295
381,"Fort Worth, Texas",32.7554883,-97.3307658,44.8559382715145
382,"Garland, Texas",32.912624,-96.63888329999999,65.40232870908049
383,"Grand Prairie, Texas",,,60.4784031028531
384,"Harlingen, Texas",,,25.0851328520994
385,"Houston, Texas",29.7604267,-95.3698028,38.442195684625
386,"Irving, Texas",32.8140177,-96.9488945,58.8518166185173
387,"Killeen, Texas",31.1171194,-97.72779589999999,72.6401490114459
388,"Laredo, Texas",27.5305671,-99.48032409999999,20.0481021623015
389,"Lewisville, Texas",33.046233,-96.994174,87.9296836726513
390,"Longview, Texas",32.5007037,-94.74048909999999,41.6878521876314
391,"Lubbock, Texas",33.5778631,-101.8551665,48.5695963147745
392,"McAllen, Texas",26.2034071,-98.23001239999999,26.0603059397903
393,"McKinney, Texas",33.1972465,-96.6397822,85.5328259665228
394,"Mesquite, Texas",32.76679550000001,-96.5991593,69.5275643716341
395,"Midland, Texas",,,63.11476800573521
396,"Mission, Texas",26.2159066,-98.32529319999999,14.569769133919001
397,"North Richland Hills, Texas",32.8342952,-97.2289029,86.3528088443452
398,"Odessa, Texas",31.8456816,-102.3676431,51.472858132309895
399,"Pasadena, Texas",29.6910625,-95.2091006,45.6180715524741
400,"Pharr, Texas",26.1947962,-98.1836216,11.7849834421146
401,"Plano, Texas",33.0198431,-96.6988856,81.8198550148238
402,"Richardson, Texas",32.9483335,-96.7298519,90.7281047234565
403,"Round Rock, Texas",30.5082551,-97.678896,73.17381373889259
404,"San Angelo, Texas",31.4637723,-100.4370375,47.3489783894662
405,"San Antonio, Texas",29.4241219,-98.49362819999999,40.562659224477294
406,"Temple, Texas",,,55.2126878758276
407,"Tyler, Texas",,,56.8405845862452
408,"Victoria, Texas",28.8052674,-97.0035982,42.58262739551861
409,"Waco, Texas",31.549333,-97.1466695,36.6299729506909
410,"Wichita Falls, Texas",33.9137085,-98.4933873,43.90451407233371
411,"Millcreek, Utah",40.6868914,-111.8754907,85.1632538594427
412,"Ogden, Utah",41.223,-111.9738304,33.8966501905151
413,"Orem, Utah",40.2968979,-111.6946475,65.31724590185351
414,"Provo, Utah",40.2338438,-111.6585337,44.5067111719556
415,"St. George, Utah",37.0965278,-113.5684164,73.0531164898935
416,"Salt Lake City, Utah",40.7607793,-111.8910474,50.37609569490729
417,"West Jordan, Utah",40.6096698,-111.9391031,77.1143464464677
418,"West Valley City, Utah",,,57.9285726475586
419,"Alexandria, Virginia",,,80.4693334189911
420,"Arlington, Virginia",38.8799697,-77.1067698,81.75301345754158
421,"Chesapeake, Virginia",36.7682088,-76.2874927,77.82658160912071
422,"Hampton, Virginia",37.0298687,-76.34522179999999,61.9396461926791
423,"Lynchburg, Virginia",37.4137536,-79.14224639999999,35.23146149892221
424,"Newport News, Virginia",37.0870821,-76.4730122,59.4664323022079
425,"Norfolk, Virginia",36.8507689,-76.28587259999999,43.07220291787829
426,"Portsmouth, Virginia",36.8354258,-76.2982742,46.7315573369603
427,"Richmond, Virginia",37.5407246,-77.4360481,32.5607990384873
428,"Roanoke, Virginia",37.2709704,-79.9414266,32.5778748933246
429,"Suffolk, Virginia",36.7282054,-76.5835621,54.6187498765422
430,"Virginia Beach, Virginia",,,77.3564204395778
431,"Auburn, Washington",47.30732279999999,-122.2284532,57.0838965326149
432,"Bellevue, Washington",47.6101497,-122.2015159,73.2182606842606
433,"Bellingham, Washington",48.7519112,-122.4786854,47.719853716501596
434,"Everett, Washington",47.9789848,-122.2020794,46.4986944520893
435,"Federal Way, Washington",47.3223221,-122.3126222,64.6931711655145
436,"Kennewick, Washington",46.2112458,-119.1372338,57.9688150557499
437,"Kent, Washington",47.3809335,-122.2348431,50.4513102051075
438,"Renton, Washington",47.48287759999999,-122.2170661,57.2325766728033
439,"Seattle, Washington",47.6062095,-122.3320708,54.324683817742205
440,"Spokane, Washington",47.6587802,-117.4260466,44.8474799377271
441,"Tacoma, Washington",47.2528768,-122.4442906,53.98740919713529
442,"Vancouver, Washington",45.6318397,-122.6716063,54.81547677601829
443,"Yakima, Washington",46.6020711,-120.5058987,38.312596412370794
444,"Green Bay, Wisconsin",44.51915899999999,-88.019826,43.799011275770205
445,"Kenosha, Wisconsin",42.5847425,-87.82118539999999,43.2583364841828
446,"Madison, Wisconsin",43.0730517,-89.4012302,60.094471326287405
447,"Milwaukee, Wisconsin",43.0389025,-87.9064736,24.0846219437995
448,"Racine, Wisconsin",42.7261309,-87.78285230000002,35.7778835161317
449,"Waukesha, Wisconsin",43.0116784,-88.2314813,65.3540996708181
